Problem: Azure,,
# images,Macro Average – NPDD
1,0.162827011793938
100000,0.566462359984385
500000,0.681141951826935
1000000,0.903460106057109
1500000,0.962244581028828
3000000,0.964378830750293
